timestamp,open,high,low,close,volume
2024-06-13,0.0550,0.0550,0.0500,0.0500,197083
2024-06-12,0.0550,0.0550,0.0500,0.0500,5027
2024-06-11,0.0500,0.0500,0.0500,0.0500,0
2024-06-10,0.0600,0.0600,0.0450,0.0500,939150
2024-06-07,0.0550,0.0550,0.0550,0.0550,2000
2024-06-06,0.0550,0.0600,0.0550,0.0600,37936
2024-06-05,0.0600,0.0600,0.0600,0.0600,14000
2024-06-04,0.0600,0.0600,0.0600,0.0600,0
2024-06-03,0.0600,0.0600,0.0600,0.0600,193000
2024-05-31,0.0650,0.0650,0.0600,0.0600,168319
2024-05-30,0.0600,0.0600,0.0600,0.0600,34000
2024-05-29,0.0600,0.0600,0.0600,0.0600,26700
2024-05-28,0.0600,0.0600,0.0600,0.0600,0
2024-05-27,0.0600,0.0600,0.0600,0.0600,0
2024-05-24,0.0650,0.0650,0.0600,0.0600,369000
2024-05-23,0.0600,0.0600,0.0600,0.0600,90100
2024-05-22,0.0650,0.0650,0.0650,0.0650,74450
2024-05-21,0.0700,0.0700,0.0700,0.0700,3550
2024-05-17,0.0700,0.0700,0.0700,0.0700,100000
2024-05-16,0.0700,0.0700,0.0700,0.0700,17600
2024-05-15,0.0650,0.0700,0.0650,0.0700,22000
2024-05-14,0.0700,0.0700,0.0700,0.0700,0
2024-05-13,0.0700,0.0700,0.0700,0.0700,140000
2024-05-10,0.0650,0.0650,0.0650,0.0650,33000
2024-05-09,0.0650,0.0650,0.0650,0.0650,25000
2024-05-08,0.0650,0.0650,0.0650,0.0650,0
2024-05-07,0.0650,0.0650,0.0650,0.0650,117500
2024-05-06,0.0700,0.0700,0.0650,0.0650,54000
2024-05-03,0.0650,0.0650,0.0650,0.0650,228419
2024-05-02,0.0700,0.0700,0.0700,0.0700,0
2024-05-01,0.0700,0.0700,0.0700,0.0700,9300
2024-04-30,0.0700,0.0700,0.0650,0.0650,108650
2024-04-29,0.0750,0.0750,0.0750,0.0750,1609
2024-04-26,0.0750,0.0750,0.0700,0.0700,272454
2024-04-25,0.0800,0.0800,0.0800,0.0800,1408
2024-04-24,0.0800,0.0800,0.0750,0.0750,329380
2024-04-23,0.0700,0.0750,0.0700,0.0750,22210
2024-04-22,0.0750,0.0750,0.0750,0.0750,61793
2024-04-19,0.0750,0.0800,0.0750,0.0800,156500
2024-04-18,0.0800,0.0850,0.0800,0.0800,43000
2024-04-17,0.0800,0.0800,0.0800,0.0800,100200
2024-04-16,0.0800,0.0800,0.0800,0.0800,43043
2024-04-15,0.0800,0.0850,0.0800,0.0850,18868
2024-04-12,0.0800,0.0800,0.0800,0.0800,194646
2024-04-11,0.0750,0.0800,0.0750,0.0800,150000
2024-04-10,0.0800,0.0800,0.0800,0.0800,123000
2024-04-09,0.0800,0.0800,0.0800,0.0800,86973
2024-04-08,0.0800,0.0800,0.0800,0.0800,131500
2024-04-05,0.0850,0.0850,0.0800,0.0850,8000
2024-04-04,0.0850,0.0900,0.0800,0.0900,710824
2024-04-03,0.0750,0.0850,0.0750,0.0850,511849
2024-04-02,0.0700,0.0700,0.0700,0.0700,0
2024-04-01,0.0700,0.0750,0.0700,0.0700,90000
2024-03-28,0.0750,0.0750,0.0750,0.0750,75000
2024-03-27,0.0750,0.0750,0.0700,0.0750,16439
2024-03-26,0.0700,0.0750,0.0700,0.0750,9000
2024-03-25,0.0750,0.0750,0.0750,0.0750,0
2024-03-22,0.0800,0.0800,0.0750,0.0750,24000
2024-03-21,0.0750,0.0750,0.0750,0.0750,5000
2024-03-20,0.0700,0.0750,0.0700,0.0750,240400
2024-03-19,0.0750,0.0750,0.0700,0.0750,145000
2024-03-18,0.0800,0.0800,0.0750,0.0750,33955
2024-03-15,0.0750,0.0800,0.0750,0.0800,68000
2024-03-14,0.0700,0.0750,0.0700,0.0750,122000
2024-03-13,0.0700,0.0750,0.0700,0.0700,96300
2024-03-12,0.0700,0.0700,0.0700,0.0700,11357
2024-03-11,0.0700,0.0700,0.0700,0.0700,35000
2024-03-08,0.0700,0.0700,0.0700,0.0700,3000
2024-03-07,0.0650,0.0700,0.0600,0.0700,441018
2024-03-06,0.0700,0.0700,0.0650,0.0650,294100
2024-03-05,0.0750,0.0750,0.0700,0.0700,119313
2024-03-04,0.0700,0.0700,0.0700,0.0700,181880
2024-03-01,0.0700,0.0700,0.0650,0.0650,52000
2024-02-29,0.0700,0.0700,0.0700,0.0700,1566
2024-02-28,0.0750,0.0750,0.0600,0.0650,88495
2024-02-27,0.0650,0.0750,0.0650,0.0750,26407
2024-02-26,0.0650,0.0750,0.0650,0.0750,15314
2024-02-23,0.0700,0.0700,0.0700,0.0700,173018
2024-02-22,0.0650,0.0650,0.0650,0.0650,102500
2024-02-21,0.0650,0.0700,0.0650,0.0700,66000
2024-02-20,0.0600,0.0600,0.0600,0.0600,4000
2024-02-16,0.0650,0.0650,0.0600,0.0600,33238
2024-02-15,0.0600,0.0600,0.0600,0.0600,84000
2024-02-14,0.0600,0.0600,0.0600,0.0600,8000
2024-02-13,0.0600,0.0650,0.0600,0.0600,25598
2024-02-12,0.0650,0.0650,0.0650,0.0650,7250
2024-02-09,0.0650,0.0650,0.0600,0.0650,23000
2024-02-08,0.0650,0.0650,0.0650,0.0650,5000
2024-02-07,0.0700,0.0700,0.0650,0.0650,24000
2024-02-06,0.0650,0.0650,0.0650,0.0650,7698
2024-02-05,0.0650,0.0650,0.0650,0.0650,35000
2024-02-02,0.0650,0.0700,0.0650,0.0650,129500
2024-02-01,0.0650,0.0650,0.0650,0.0650,105580
2024-01-31,0.0650,0.0700,0.0650,0.0650,221870
2024-01-30,0.0700,0.0700,0.0650,0.0650,17550
2024-01-29,0.0650,0.0650,0.0650,0.0650,11000
2024-01-26,0.0700,0.0700,0.0650,0.0650,421279
2024-01-25,0.0750,0.0750,0.0750,0.0750,5100
2024-01-24,0.0800,0.0800,0.0800,0.0800,3000
2024-01-23,0.0750,0.0850,0.0750,0.0800,612785
2024-01-22,0.0850,0.0850,0.0800,0.0800,22700
2024-01-19,0.0800,0.0800,0.0800,0.0800,54991
2024-01-18,0.0800,0.0800,0.0800,0.0800,46708
2024-01-17,0.0850,0.0900,0.0850,0.0850,190300
2024-01-16,0.0900,0.0900,0.0850,0.0850,51352
2024-01-15,0.0900,0.0900,0.0900,0.0900,63000
2024-01-12,0.0850,0.0900,0.0800,0.0900,91030
2024-01-11,0.0750,0.0800,0.0750,0.0800,361500
2024-01-10,0.0850,0.0850,0.0750,0.0800,344305
2024-01-09,0.0850,0.0850,0.0800,0.0800,116000
2024-01-08,0.0950,0.0950,0.0850,0.0850,239885
2024-01-05,0.0850,0.0900,0.0850,0.0900,125000
2024-01-04,0.0850,0.0900,0.0850,0.0850,181000
2024-01-03,0.0900,0.0900,0.0900,0.0900,153900
2024-01-02,0.0950,0.1050,0.0900,0.0950,169238
2023-12-29,0.1050,0.1100,0.0950,0.1000,242085
2023-12-28,0.1100,0.1150,0.1000,0.1100,273500
2023-12-27,0.0950,0.1050,0.0950,0.0950,626538
2023-12-22,0.0850,0.0950,0.0850,0.0900,593800
2023-12-21,0.0750,0.0800,0.0750,0.0800,751100
2023-12-20,0.0500,0.0550,0.0500,0.0550,41000
2023-12-19,0.0550,0.0550,0.0500,0.0550,28000
2023-12-18,0.0600,0.0600,0.0550,0.0550,35000
2023-12-15,0.0500,0.0600,0.0500,0.0600,92000
2023-12-14,0.0550,0.0550,0.0550,0.0550,62000
2023-12-13,0.0500,0.0550,0.0500,0.0550,36139
2023-12-12,0.0450,0.0650,0.0450,0.0500,690250
2023-12-11,0.0450,0.0450,0.0450,0.0450,2000
2023-12-08,0.0500,0.0500,0.0450,0.0450,126100
2023-12-07,0.0500,0.0500,0.0500,0.0500,44000
2023-12-06,0.0500,0.0500,0.0500,0.0500,1000
2023-12-05,0.0450,0.0450,0.0450,0.0450,33000
2023-12-04,0.0450,0.0500,0.0450,0.0450,112145
2023-12-01,0.0500,0.0500,0.0450,0.0450,61000
2023-11-30,0.0450,0.0500,0.0450,0.0500,75840
2023-11-29,0.0500,0.0550,0.0500,0.0500,306598
2023-11-28,0.0400,0.0450,0.0400,0.0400,199000
2023-11-27,0.0400,0.0400,0.0400,0.0400,130000
2023-11-24,0.0350,0.0350,0.0350,0.0350,31000
2023-11-23,0.0400,0.0400,0.0400,0.0400,23000
2023-11-22,0.0350,0.0350,0.0350,0.0350,30000
2023-11-21,0.0350,0.0350,0.0350,0.0350,125000
2023-11-20,0.0350,0.0350,0.0350,0.0350,76000
2023-11-17,0.0300,0.0300,0.0300,0.0300,283000
2023-11-16,0.0350,0.0350,0.0300,0.0300,63514
2023-11-15,0.0350,0.0350,0.0350,0.0350,553338
2023-11-14,0.0350,0.0350,0.0350,0.0350,0
2023-11-13,0.0350,0.0350,0.0350,0.0350,19000
2023-11-10,0.0400,0.0400,0.0400,0.0400,35578
2023-11-09,0.0450,0.0450,0.0400,0.0400,63142
2023-11-08,0.0450,0.0450,0.0450,0.0450,19722
2023-11-07,0.0450,0.0450,0.0400,0.0400,194250
2023-11-06,0.0450,0.0450,0.0450,0.0450,1000
2023-11-03,0.0400,0.0450,0.0400,0.0450,237730
2023-11-02,0.0450,0.0450,0.0450,0.0450,88000
2023-11-01,0.0450,0.0450,0.0400,0.0400,522790
2023-10-31,0.0450,0.0450,0.0450,0.0450,20000
2023-10-30,0.0500,0.0500,0.0450,0.0450,116000
2023-10-27,0.0500,0.0500,0.0500,0.0500,63800
2023-10-26,0.0500,0.0500,0.0500,0.0500,12633
2023-10-25,0.0500,0.0500,0.0500,0.0500,14750
2023-10-24,0.0500,0.0500,0.0500,0.0500,12000
2023-10-23,0.0500,0.0500,0.0500,0.0500,5000
2023-10-20,0.0500,0.0500,0.0500,0.0500,28000
2023-10-19,0.0500,0.0500,0.0500,0.0500,1000
2023-10-18,0.0500,0.0500,0.0500,0.0500,318500
2023-10-17,0.0500,0.0500,0.0450,0.0500,351722
2023-10-16,0.0450,0.0450,0.0450,0.0450,100000
2023-10-13,0.0500,0.0500,0.0500,0.0500,0
2023-10-12,0.0500,0.0500,0.0500,0.0500,0
2023-10-11,0.0500,0.0500,0.0500,0.0500,165000
2023-10-10,0.0450,0.0500,0.0450,0.0450,157500
2023-10-06,0.0500,0.0550,0.0500,0.0550,326000
2023-10-05,0.0500,0.0500,0.0500,0.0500,35000
2023-10-04,0.0550,0.0550,0.0550,0.0550,2000
2023-10-03,0.0550,0.0550,0.0550,0.0550,88000
2023-10-02,0.0500,0.0600,0.0500,0.0600,160500
2023-09-29,0.0500,0.0500,0.0500,0.0500,120208
2023-09-28,0.0500,0.0500,0.0500,0.0500,100672
2023-09-27,0.0500,0.0550,0.0500,0.0500,153331
2023-09-26,0.0600,0.0600,0.0500,0.0550,67500
2023-09-25,0.0550,0.0550,0.0550,0.0550,11000
2023-09-22,0.0550,0.0550,0.0550,0.0550,51000
2023-09-21,0.0500,0.0550,0.0500,0.0550,10964
2023-09-20,0.0550,0.0600,0.0550,0.0550,43000
2023-09-19,0.0550,0.0550,0.0550,0.0550,32000
2023-09-18,0.0600,0.0600,0.0600,0.0600,10000
2023-09-15,0.0550,0.0550,0.0550,0.0550,71000
2023-09-14,0.0550,0.0550,0.0500,0.0500,85000
2023-09-13,0.0500,0.0600,0.0500,0.0600,59902
2023-09-12,0.0550,0.0550,0.0550,0.0550,11000
2023-09-11,0.0550,0.0550,0.0550,0.0550,181358
2023-09-08,0.0550,0.0550,0.0550,0.0550,60183
2023-09-07,0.0600,0.0600,0.0600,0.0600,56340
2023-09-06,0.0600,0.0600,0.0600,0.0600,13435
2023-09-05,0.0550,0.0600,0.0550,0.0600,56245
2023-09-01,0.0550,0.0550,0.0550,0.0550,286000
2023-08-31,0.0550,0.0550,0.0500,0.0550,694206
2023-08-30,0.0600,0.0600,0.0550,0.0550,31250
2023-08-29,0.0600,0.0600,0.0600,0.0600,0
2023-08-28,0.0600,0.0600,0.0600,0.0600,7700
2023-08-25,0.0650,0.0650,0.0650,0.0650,5000
2023-08-24,0.0600,0.0600,0.0600,0.0600,5000
2023-08-23,0.0650,0.0650,0.0600,0.0600,40000
2023-08-22,0.0600,0.0600,0.0600,0.0600,7000
2023-08-21,0.0650,0.0650,0.0600,0.0600,18057
2023-08-18,0.0550,0.0600,0.0550,0.0600,357000
2023-08-17,0.0600,0.0600,0.0550,0.0550,489211
2023-08-16,0.0600,0.0600,0.0600,0.0600,204819
2023-08-15,0.0650,0.0650,0.0600,0.0600,440201
2023-08-14,0.0750,0.0750,0.0600,0.0600,353225
2023-08-11,0.0650,0.0700,0.0650,0.0700,284680
2023-08-10,0.0650,0.0650,0.0600,0.0600,110559
2023-08-09,0.0650,0.0650,0.0600,0.0600,24784
2023-08-08,0.0700,0.0700,0.0650,0.0650,495650
2023-08-04,0.0800,0.0800,0.0700,0.0800,353000
2023-08-03,0.0800,0.0800,0.0750,0.0750,12883
2023-08-02,0.0800,0.0850,0.0750,0.0850,329600
2023-08-01,0.0750,0.0750,0.0750,0.0750,100111
2023-07-31,0.0700,0.0750,0.0700,0.0750,204894
2023-07-28,0.0700,0.0700,0.0700,0.0700,45500
2023-07-27,0.0700,0.0750,0.0650,0.0650,355500
2023-07-26,0.0700,0.0700,0.0700,0.0700,5041
2023-07-25,0.0700,0.0700,0.0700,0.0700,18000
2023-07-24,0.0700,0.0700,0.0700,0.0700,5000
2023-07-21,0.0700,0.0700,0.0650,0.0700,74000
2023-07-20,0.0750,0.0750,0.0750,0.0750,30568
2023-07-19,0.0700,0.0750,0.0650,0.0750,434912
2023-07-18,0.0600,0.0700,0.0600,0.0700,368923
2023-07-17,0.0600,0.0600,0.0600,0.0600,236000
2023-07-14,0.0600,0.0650,0.0600,0.0600,222638
2023-07-13,0.0700,0.0700,0.0600,0.0650,173697
2023-07-12,0.0650,0.0650,0.0650,0.0650,0
2023-07-11,0.0650,0.0650,0.0650,0.0650,0
2023-07-10,0.0650,0.0650,0.0650,0.0650,9040
2023-07-07,0.0650,0.0650,0.0650,0.0650,32500
2023-07-06,0.0700,0.0700,0.0700,0.0700,0
2023-07-05,0.0700,0.0700,0.0700,0.0700,100000
2023-07-04,0.0700,0.0700,0.0650,0.0700,26800
2023-06-30,0.0650,0.0750,0.0650,0.0750,360354
2023-06-29,0.0650,0.0700,0.0600,0.0700,586500
2023-06-28,0.0700,0.0700,0.0700,0.0700,39000
2023-06-27,0.0700,0.0700,0.0650,0.0700,179919
2023-06-26,0.0700,0.0700,0.0700,0.0700,10467
2023-06-23,0.0750,0.0750,0.0700,0.0700,8665
2023-06-22,0.0750,0.0750,0.0750,0.0750,5000
2023-06-21,0.0700,0.0700,0.0650,0.0700,112200
2023-06-20,0.0750,0.0750,0.0700,0.0750,66001
2023-06-19,0.0750,0.0750,0.0750,0.0750,110100
2023-06-16,0.0700,0.0750,0.0650,0.0750,337500
2023-06-15,0.0700,0.0700,0.0700,0.0700,36000
2023-06-14,0.0700,0.0700,0.0650,0.0700,538215
2023-06-13,0.0650,0.0700,0.0650,0.0650,167000
2023-06-12,0.0700,0.0700,0.0700,0.0700,55823
2023-06-09,0.0750,0.0750,0.0700,0.0700,33523
2023-06-08,0.0700,0.0700,0.0650,0.0700,193500
2023-06-07,0.0700,0.0700,0.0700,0.0700,106000
2023-06-06,0.0700,0.0700,0.0700,0.0700,0
2023-06-05,0.0700,0.0700,0.0700,0.0700,7500
2023-06-02,0.0700,0.0700,0.0700,0.0700,226785
2023-06-01,0.0700,0.0700,0.0700,0.0700,0
2023-05-31,0.0750,0.0750,0.0700,0.0700,76203
2023-05-30,0.0700,0.0700,0.0700,0.0700,2000
2023-05-29,0.0750,0.0750,0.0750,0.0750,2000
2023-05-26,0.0800,0.0800,0.0650,0.0700,882000
2023-05-25,0.0750,0.0750,0.0750,0.0750,172762
2023-05-24,0.0750,0.0750,0.0750,0.0750,10000
2023-05-23,0.0750,0.0800,0.0700,0.0700,205000
2023-05-19,0.0700,0.0700,0.0700,0.0700,13744
2023-05-18,0.0750,0.0750,0.0750,0.0750,60000
2023-05-17,0.0750,0.0750,0.0750,0.0750,18000
2023-05-16,0.0800,0.0800,0.0750,0.0750,170000
2023-05-15,0.0800,0.0800,0.0800,0.0800,60374
2023-05-12,0.0750,0.0750,0.0750,0.0750,63130
2023-05-11,0.0800,0.0800,0.0750,0.0800,818748
2023-05-10,0.0800,0.0800,0.0800,0.0800,100000
2023-05-09,0.0800,0.0800,0.0800,0.0800,1795
2023-05-08,0.0800,0.0850,0.0800,0.0800,44000
2023-05-05,0.0800,0.0800,0.0800,0.0800,79347
2023-05-04,0.0800,0.0850,0.0800,0.0850,182000
2023-05-03,0.0800,0.0800,0.0800,0.0800,3000
2023-05-02,0.0800,0.0800,0.0800,0.0800,11303
2023-05-01,0.0800,0.0800,0.0750,0.0750,69000
2023-04-28,0.0800,0.0800,0.0750,0.0750,81525
2023-04-27,0.0750,0.0750,0.0750,0.0750,12505
2023-04-26,0.0800,0.0800,0.0800,0.0800,30000
2023-04-25,0.0800,0.0800,0.0800,0.0800,19360
2023-04-24,0.0800,0.0800,0.0800,0.0800,34000
2023-04-21,0.0800,0.0800,0.0800,0.0800,41847
2023-04-20,0.0800,0.0800,0.0800,0.0800,3820
2023-04-19,0.0850,0.0850,0.0800,0.0800,109000
2023-04-18,0.0850,0.0900,0.0800,0.0850,538750
2023-04-17,0.0800,0.0850,0.0800,0.0850,390313
2023-04-14,0.0850,0.0900,0.0800,0.0900,507907
2023-04-13,0.0850,0.0900,0.0850,0.0900,524660
2023-04-12,0.0850,0.0900,0.0850,0.0850,526021
2023-04-11,0.0900,0.0900,0.0750,0.0850,1523313
2023-04-10,0.0900,0.0950,0.0850,0.0950,109627
2023-04-06,0.0950,0.0950,0.0900,0.0950,53350
2023-04-05,0.1000,0.1000,0.0800,0.0950,415350
2023-04-04,0.1000,0.1000,0.1000,0.1000,105500
2023-04-03,0.1000,0.1000,0.1000,0.1000,61500
2023-03-31,0.0950,0.1000,0.0950,0.0950,104978
2023-03-30,0.1000,0.1000,0.0900,0.0950,424550
2023-03-29,0.1050,0.1150,0.1000,0.1050,387229
2023-03-28,0.1100,0.1150,0.1050,0.1100,170472
2023-03-27,0.1050,0.1050,0.1050,0.1050,98619
2023-03-24,0.1050,0.1100,0.1050,0.1100,141443
2023-03-23,0.1000,0.1050,0.1000,0.1050,738938
2023-03-22,0.0950,0.0950,0.0950,0.0950,15000
2023-03-21,0.0950,0.0950,0.0950,0.0950,11000
2023-03-20,0.1100,0.1100,0.0950,0.0950,82001
2023-03-17,0.1000,0.1050,0.1000,0.1000,59200
2023-03-16,0.1000,0.1000,0.1000,0.1000,35000
2023-03-15,0.1000,0.1000,0.0950,0.1000,28502
2023-03-14,0.1000,0.1050,0.1000,0.1000,36500
2023-03-13,0.1000,0.1000,0.0950,0.1000,63373
2023-03-10,0.0950,0.0950,0.0950,0.0950,123500
2023-03-09,0.0900,0.0900,0.0900,0.0900,21004
2023-03-08,0.0900,0.0900,0.0900,0.0900,0
2023-03-07,0.0950,0.0950,0.0900,0.0900,31000
2023-03-06,0.1050,0.1050,0.0950,0.0950,87930
2023-03-03,0.1050,0.1050,0.1050,0.1050,2000
2023-03-02,0.1100,0.1100,0.1000,0.1050,24800
2023-03-01,0.1000,0.1100,0.1000,0.1100,235700
2023-02-28,0.0950,0.1050,0.0850,0.1050,684052
2023-02-27,0.1050,0.1050,0.0900,0.0950,278000
2023-02-24,0.1050,0.1050,0.1050,0.1050,10300
2023-02-23,0.1000,0.1100,0.1000,0.1100,24215
2023-02-22,0.1100,0.1100,0.1000,0.1100,283626
2023-02-21,0.1100,0.1200,0.1100,0.1100,309914
2023-02-17,0.1100,0.1100,0.1100,0.1100,99105
2023-02-16,0.1100,0.1100,0.1100,0.1100,58500
2023-02-15,0.1100,0.1100,0.1100,0.1100,372100
2023-02-14,0.1100,0.1100,0.1100,0.1100,207800
2023-02-13,0.1100,0.1100,0.1050,0.1050,30000
2023-02-10,0.1100,0.1100,0.1100,0.1100,0
2023-02-09,0.1100,0.1100,0.1050,0.1100,133500
2023-02-08,0.1150,0.1150,0.1150,0.1150,48000
2023-02-07,0.1200,0.1250,0.1150,0.1250,68000
2023-02-06,0.1200,0.1200,0.1100,0.1150,79500
2023-02-03,0.1300,0.1300,0.1200,0.1200,70129
2023-02-02,0.1400,0.1400,0.1300,0.1300,36098
2023-02-01,0.1350,0.1350,0.1350,0.1350,67500
2023-01-31,0.1300,0.1550,0.1250,0.1550,243385
2023-01-30,0.1150,0.1300,0.1050,0.1300,235000
2023-01-27,0.1200,0.1200,0.1150,0.1200,39500
2023-01-26,0.1200,0.1200,0.1200,0.1200,58887
2023-01-25,0.1300,0.1300,0.1150,0.1200,240741
2023-01-24,0.1300,0.1300,0.1300,0.1300,0
2023-01-23,0.1400,0.1400,0.1250,0.1300,66464
2023-01-20,0.1350,0.1350,0.1300,0.1350,138319
2023-01-19,0.1300,0.1300,0.1250,0.1250,233837
2023-01-18,0.1300,0.1300,0.1200,0.1250,384500
2023-01-17,0.1300,0.1300,0.1100,0.1150,58700
2023-01-16,0.1250,0.1250,0.1250,0.1250,3015
2023-01-13,0.1200,0.1300,0.1200,0.1300,22530
2023-01-12,0.1300,0.1300,0.1300,0.1300,5125
2023-01-11,0.1300,0.1300,0.1150,0.1300,248607
2023-01-10,0.1200,0.1400,0.1150,0.1350,222287
2023-01-09,0.1150,0.1150,0.1150,0.1150,88620
2023-01-06,0.1100,0.1200,0.1000,0.1000,53306
2023-01-05,0.1100,0.1150,0.1100,0.1100,45088
2023-01-04,0.1100,0.1100,0.1100,0.1100,42769
2023-01-03,0.0900,0.1100,0.0900,0.1000,228771
2022-12-30,0.0850,0.0900,0.0850,0.0900,121000
2022-12-29,0.0900,0.0900,0.0800,0.0850,64831
2022-12-28,0.0850,0.0900,0.0850,0.0900,153827
2022-12-23,0.0850,0.0850,0.0850,0.0850,81282
2022-12-22,0.0850,0.0850,0.0850,0.0850,53000
2022-12-21,0.0800,0.0850,0.0800,0.0850,471971
2022-12-20,0.0850,0.0850,0.0850,0.0850,11000
2022-12-19,0.0850,0.0900,0.0800,0.0800,762600
2022-12-16,0.0850,0.0850,0.0800,0.0800,56000
2022-12-15,0.0850,0.0850,0.0800,0.0850,90800
2022-12-14,0.0900,0.0950,0.0850,0.0850,209100
2022-12-13,0.1000,0.1000,0.1000,0.1000,4000
2022-12-12,0.0850,0.0900,0.0850,0.0900,84244
2022-12-09,0.0850,0.1050,0.0800,0.1000,276401
2022-12-08,0.0950,0.0950,0.0800,0.0850,26085
2022-12-07,0.0900,0.0950,0.0900,0.0950,70478
2022-12-06,0.0900,0.0950,0.0850,0.0850,48100
2022-12-05,0.0900,0.0950,0.0900,0.0900,139972
2022-12-02,0.0800,0.0900,0.0800,0.0850,78975
2022-12-01,0.0800,0.0850,0.0800,0.0850,252090
2022-11-30,0.0850,0.0900,0.0800,0.0800,149515
2022-11-29,0.0850,0.0850,0.0800,0.0850,120700
2022-11-28,0.0900,0.0900,0.0850,0.0850,36235
2022-11-25,0.0850,0.0850,0.0850,0.0850,16100
2022-11-24,0.0800,0.0850,0.0800,0.0850,35700
2022-11-23,0.0850,0.0850,0.0800,0.0850,43197
2022-11-22,0.0750,0.0850,0.0750,0.0800,29000
2022-11-21,0.0850,0.0850,0.0800,0.0850,179008
2022-11-18,0.0850,0.0950,0.0850,0.0950,58452
2022-11-17,0.0850,0.0850,0.0850,0.0850,4500
2022-11-16,0.0850,0.0850,0.0750,0.0800,172090
2022-11-15,0.0850,0.0850,0.0850,0.0850,0
2022-11-14,0.0850,0.0850,0.0850,0.0850,33000
2022-11-11,0.0800,0.0800,0.0800,0.0800,10776
2022-11-10,0.0900,0.0900,0.0800,0.0800,6500
2022-11-09,0.0800,0.0800,0.0800,0.0800,2237
2022-11-08,0.0900,0.0900,0.0800,0.0800,73180
2022-11-07,0.0850,0.0850,0.0850,0.0850,21895
2022-11-04,0.0900,0.0900,0.0900,0.0900,47500
2022-11-03,0.0900,0.0950,0.0900,0.0900,52800
2022-11-02,0.0900,0.0900,0.0900,0.0900,35000
2022-11-01,0.0900,0.0900,0.0900,0.0900,43600
2022-10-31,0.0850,0.1000,0.0850,0.0900,80010
2022-10-28,0.0900,0.0900,0.0800,0.0800,12365
2022-10-27,0.0850,0.0850,0.0850,0.0850,7944
2022-10-26,0.0900,0.0900,0.0900,0.0900,3000
2022-10-25,0.0900,0.0900,0.0800,0.0900,45210
2022-10-24,0.0900,0.0900,0.0900,0.0900,27650
2022-10-21,0.0800,0.0900,0.0800,0.0900,72590
2022-10-20,0.0900,0.0900,0.0800,0.0800,3000
2022-10-19,0.0900,0.0900,0.0900,0.0900,15504
2022-10-18,0.0850,0.0900,0.0850,0.0900,103003
2022-10-17,0.0850,0.0850,0.0850,0.0850,9250
2022-10-14,0.0850,0.0850,0.0850,0.0850,7000
2022-10-13,0.0900,0.0900,0.0850,0.0850,196773
2022-10-12,0.0900,0.0900,0.0900,0.0900,16001
2022-10-11,0.0900,0.0950,0.0900,0.0950,80200
2022-10-07,0.1050,0.1050,0.0900,0.0900,153450
2022-10-06,0.1000,0.1000,0.0950,0.0950,118152
2022-10-05,0.1000,0.1000,0.1000,0.1000,5000
2022-10-04,0.1200,0.1250,0.1000,0.1000,125685
2022-10-03,0.1200,0.1300,0.1200,0.1300,43402
2022-09-30,0.1300,0.1300,0.1200,0.1200,38600
2022-09-29,0.1100,0.1250,0.1100,0.1250,163420
2022-09-28,0.0900,0.1050,0.0900,0.1050,68500
2022-09-27,0.0900,0.0900,0.0850,0.0900,30500
2022-09-26,0.0900,0.0900,0.0900,0.0900,28000
2022-09-23,0.0900,0.0900,0.0900,0.0900,33000
2022-09-22,0.0950,0.0950,0.0900,0.0900,65070
2022-09-21,0.0950,0.0950,0.0950,0.0950,17100
2022-09-20,0.0950,0.0950,0.0900,0.0900,37944
2022-09-19,0.1100,0.1100,0.0900,0.0950,238752
2022-09-16,0.1100,0.1100,0.1100,0.1100,1500
2022-09-15,0.1250,0.1250,0.1100,0.1150,25600
2022-09-14,0.1100,0.1100,0.1100,0.1100,33000
2022-09-13,0.1200,0.1200,0.1100,0.1100,51000
2022-09-12,0.1200,0.1200,0.1200,0.1200,0
2022-09-09,0.1250,0.1250,0.1200,0.1200,8600
2022-09-08,0.1200,0.1250,0.1200,0.1250,9003
2022-09-07,0.1250,0.1250,0.1150,0.1150,10000
2022-09-06,0.1200,0.1200,0.1150,0.1200,72851
2022-09-02,0.1150,0.1150,0.1100,0.1100,137726
2022-09-01,0.1100,0.1150,0.1100,0.1100,6203
2022-08-31,0.1200,0.1200,0.1150,0.1150,4700
2022-08-30,0.1200,0.1200,0.1200,0.1200,0
2022-08-29,0.1200,0.1250,0.1200,0.1200,57920
2022-08-26,0.1300,0.1300,0.1250,0.1250,10274
2022-08-25,0.1250,0.1300,0.1200,0.1250,65450
2022-08-24,0.1350,0.1350,0.1250,0.1250,49767
2022-08-23,0.1300,0.1300,0.1300,0.1300,5000
2022-08-22,0.1500,0.1500,0.1250,0.1250,60282
2022-08-19,0.1500,0.1550,0.1500,0.1550,25406
2022-08-18,0.1350,0.1500,0.1350,0.1500,76323
2022-08-17,0.1300,0.1400,0.1300,0.1400,27000
2022-08-16,0.1400,0.1450,0.1400,0.1450,37000
2022-08-15,0.1350,0.1400,0.1350,0.1400,5500
2022-08-12,0.1300,0.1300,0.1300,0.1300,0
2022-08-11,0.1300,0.1450,0.1300,0.1300,100192
2022-08-10,0.1450,0.1450,0.1450,0.1450,10000
2022-08-09,0.1500,0.1500,0.1300,0.1450,18760
2022-08-08,0.1400,0.1400,0.1400,0.1400,790
2022-08-05,0.1450,0.1450,0.1350,0.1450,13300
2022-08-04,0.1500,0.1500,0.1500,0.1500,44513
2022-08-03,0.1600,0.1600,0.1500,0.1500,15750
2022-08-02,0.1400,0.1600,0.1400,0.1600,18231
2022-07-29,0.1550,0.1550,0.1350,0.1350,119500
2022-07-28,0.1450,0.1500,0.1450,0.1500,17000
2022-07-27,0.1400,0.1400,0.1350,0.1350,49842
2022-07-26,0.1450,0.1450,0.1400,0.1400,78000
2022-07-25,0.1400,0.1400,0.1400,0.1400,19000
2022-07-22,0.1300,0.1650,0.1300,0.1450,293487
2022-07-21,0.1200,0.1300,0.1200,0.1300,200000
2022-07-20,0.1200,0.1200,0.1100,0.1100,19007
2022-07-19,0.1150,0.1200,0.1050,0.1200,138683
2022-07-18,0.1100,0.1200,0.1100,0.1100,144501
2022-07-15,0.1100,0.1100,0.1000,0.1000,191290
2022-07-14,0.1200,0.1200,0.1000,0.1100,144897
2022-07-13,0.1000,0.1250,0.1000,0.1200,806807
2022-07-12,0.1050,0.1050,0.1000,0.1000,52500
2022-07-11,0.1100,0.1100,0.1000,0.1000,102667
2022-07-08,0.1250,0.1250,0.1050,0.1100,105864
2022-07-07,0.1100,0.1100,0.1100,0.1100,40484
2022-07-06,0.1050,0.1050,0.1000,0.1000,88283
2022-07-05,0.1150,0.1250,0.1150,0.1150,70000
2022-07-04,0.1100,0.1100,0.1100,0.1100,4021
2022-06-30,0.1100,0.1100,0.1050,0.1050,20100
2022-06-29,0.1100,0.1150,0.1100,0.1150,66582
2022-06-28,0.1100,0.1100,0.1100,0.1100,4500
2022-06-27,0.1150,0.1150,0.1100,0.1100,7931
2022-06-24,0.1150,0.1150,0.1000,0.1150,41100
2022-06-23,0.1250,0.1250,0.1000,0.1000,200414
2022-06-22,0.1150,0.1200,0.1150,0.1200,29504
2022-06-21,0.1200,0.1200,0.1150,0.1150,45012
2022-06-20,0.1250,0.1250,0.1200,0.1200,42528
2022-06-17,0.1450,0.1450,0.1300,0.1300,6812
2022-06-16,0.1300,0.1450,0.1200,0.1450,251300
2022-06-15,0.1350,0.1350,0.1300,0.1300,28790
2022-06-14,0.1500,0.1500,0.1350,0.1350,26500
2022-06-13,0.1550,0.1550,0.1350,0.1400,17577
2022-06-10,0.1350,0.1500,0.1350,0.1500,4400
2022-06-09,0.1550,0.1550,0.1350,0.1350,16013
2022-06-08,0.1450,0.1450,0.1450,0.1450,0
2022-06-07,0.1450,0.1450,0.1450,0.1450,23000
2022-06-06,0.1550,0.1600,0.1450,0.1450,26000
2022-06-03,0.1550,0.1550,0.1500,0.1500,16951
2022-06-02,0.1550,0.1550,0.1500,0.1500,34867
2022-06-01,0.1600,0.1600,0.1500,0.1500,31500
2022-05-31,0.1550,0.1600,0.1550,0.1550,42000
2022-05-30,0.1800,0.1800,0.1650,0.1650,79780
2022-05-27,0.1400,0.1850,0.1400,0.1850,377867
2022-05-26,0.1750,0.1850,0.1550,0.1850,305505
2022-05-25,0.1800,0.1900,0.1800,0.1850,43220
2022-05-24,0.2050,0.2050,0.1300,0.2000,459479
2022-05-20,0.1600,0.2000,0.1600,0.2000,157200
2022-05-19,0.1300,0.1700,0.1300,0.1700,355169
2022-05-18,0.1350,0.1350,0.1350,0.1350,5597
2022-05-17,0.1400,0.1400,0.1300,0.1300,28520
2022-05-16,0.1300,0.1300,0.1300,0.1300,0
2022-05-13,0.1350,0.1350,0.1300,0.1300,20704
2022-05-12,0.1350,0.1700,0.1300,0.1300,344729
2022-05-11,0.1350,0.1400,0.1300,0.1300,68113
2022-05-10,0.1450,0.1500,0.1300,0.1300,113573
2022-05-09,0.1550,0.1550,0.1500,0.1500,35311
2022-05-06,0.1550,0.1650,0.1550,0.1600,12280
2022-05-05,0.1650,0.1650,0.1600,0.1600,29678
2022-05-04,0.1600,0.1650,0.1550,0.1650,26489
2022-05-03,0.1700,0.1700,0.1600,0.1600,10523
2022-05-02,0.1700,0.1700,0.1550,0.1600,52394
2022-04-29,0.1700,0.1700,0.1650,0.1700,18830
2022-04-28,0.1700,0.1700,0.1600,0.1600,14851
2022-04-27,0.1850,0.1850,0.1550,0.1750,58683
2022-04-26,0.1800,0.1800,0.1800,0.1800,0
2022-04-25,0.1700,0.1800,0.1700,0.1800,30195
2022-04-22,0.1900,0.1900,0.1750,0.1750,39303
2022-04-21,0.2100,0.2100,0.1850,0.1850,116620
2022-04-20,0.2100,0.2100,0.2000,0.2050,23327
2022-04-19,0.1800,0.2050,0.1800,0.2050,281133
2022-04-18,0.1800,0.1800,0.1750,0.1750,28671
2022-04-14,0.1700,0.1800,0.1700,0.1800,68500
2022-04-13,0.1700,0.1700,0.1600,0.1700,122443
2022-04-12,0.1600,0.1700,0.1600,0.1650,80587
2022-04-11,0.1750,0.1750,0.1600,0.1600,287033
2022-04-08,0.1600,0.1650,0.1600,0.1650,138746
2022-04-07,0.1700,0.1700,0.1550,0.1600,207740
2022-04-06,0.1800,0.1800,0.1600,0.1750,226970
2022-04-05,0.1900,0.1900,0.1800,0.1800,438704
2022-04-04,0.2000,0.2000,0.1900,0.2000,97624
2022-04-01,0.2050,0.2050,0.1900,0.1900,40488
2022-03-31,0.1850,0.2000,0.1800,0.1900,4621698
2022-03-30,0.1800,0.1850,0.1700,0.1800,133489
2022-03-29,0.1850,0.1900,0.1750,0.1900,284127
2022-03-28,0.2100,0.2100,0.1700,0.1800,197500
2022-03-25,0.2000,0.2100,0.1950,0.2100,47240
2022-03-24,0.2000,0.2000,0.1950,0.1950,154160
2022-03-23,0.2000,0.2050,0.1950,0.1950,57729
2022-03-22,0.2100,0.2100,0.2000,0.2050,29200
2022-03-21,0.2150,0.2150,0.1950,0.1950,44147
2022-03-18,0.2000,0.2100,0.2000,0.2050,107609
2022-03-17,0.2100,0.2100,0.2000,0.2000,157784
2022-03-16,0.2100,0.2150,0.2000,0.2000,206478
2022-03-15,0.2050,0.2100,0.2050,0.2100,20751
2022-03-14,0.2150,0.2250,0.2050,0.2050,142586
2022-03-11,0.2300,0.2300,0.2250,0.2250,16001
2022-03-10,0.2300,0.2300,0.2250,0.2250,33160
2022-03-09,0.2150,0.2200,0.2050,0.2150,149874
2022-03-08,0.2300,0.2400,0.2150,0.2300,188657
2022-03-07,0.2400,0.2400,0.2300,0.2400,76479
2022-03-04,0.2300,0.2350,0.2200,0.2300,180300
2022-03-03,0.2300,0.2350,0.2250,0.2300,41614
2022-03-02,0.2300,0.2350,0.2300,0.2300,28525
2022-03-01,0.2300,0.2500,0.2300,0.2300,131832
2022-02-28,0.2300,0.2400,0.2200,0.2400,199417
2022-02-25,0.2350,0.2400,0.2250,0.2300,116335
2022-02-24,0.2300,0.2350,0.2250,0.2350,481478
2022-02-23,0.2400,0.2450,0.2300,0.2350,119076
2022-02-22,0.2450,0.2550,0.2400,0.2400,194840
2022-02-18,0.2450,0.2550,0.2450,0.2550,133546
2022-02-17,0.2600,0.2600,0.2500,0.2500,18567
2022-02-16,0.2500,0.2600,0.2450,0.2600,184961
2022-02-15,0.2600,0.2600,0.2500,0.2500,30300
2022-02-14,0.2600,0.2600,0.2600,0.2600,1645
2022-02-11,0.2450,0.2550,0.2450,0.2550,143741
2022-02-10,0.2500,0.2600,0.2400,0.2500,76046
2022-02-09,0.2450,0.2500,0.2450,0.2500,77260
2022-02-08,0.2500,0.2500,0.2350,0.2500,60201
2022-02-07,0.2650,0.2650,0.2500,0.2550,141613
2022-02-04,0.2700,0.2800,0.2700,0.2700,13522
2022-02-03,0.2800,0.2800,0.2700,0.2800,33505
2022-02-02,0.2800,0.2850,0.2700,0.2750,59363
2022-02-01,0.2750,0.2750,0.2750,0.2750,0
2022-01-31,0.2700,0.2750,0.2600,0.2750,151823
2022-01-28,0.2850,0.2850,0.2600,0.2650,405545
2022-01-27,0.2850,0.2850,0.2750,0.2850,249640
2022-01-26,0.3050,0.3100,0.2800,0.2850,145455
2022-01-25,0.3100,0.3100,0.2900,0.3050,132136
2022-01-24,0.3100,0.3100,0.2900,0.3100,74544
2022-01-21,0.3200,0.3200,0.3050,0.3100,84026
2022-01-20,0.3200,0.3200,0.3100,0.3200,222000
2022-01-19,0.3100,0.3200,0.3100,0.3200,179490
2022-01-18,0.3100,0.3200,0.3000,0.3100,100000
2022-01-17,0.3100,0.3200,0.3100,0.3100,71240
2022-01-14,0.3200,0.3200,0.3200,0.3200,1529
2022-01-13,0.3200,0.3200,0.3000,0.3000,55657
2022-01-12,0.3200,0.3200,0.3050,0.3100,110840
2022-01-11,0.3600,0.3600,0.3150,0.3300,56931
2022-01-10,0.3400,0.3600,0.3000,0.3600,288565
2022-01-07,0.3300,0.3350,0.3250,0.3350,39200
2022-01-06,0.3500,0.3500,0.3200,0.3350,71654
2022-01-05,0.3450,0.3700,0.3400,0.3550,245716
2022-01-04,0.3200,0.3400,0.3150,0.3350,586803
2021-12-31,0.3150,0.3250,0.3150,0.3250,273255
2021-12-30,0.2850,0.3200,0.2850,0.3150,214364
2021-12-29,0.2700,0.2900,0.2500,0.2700,354147
2021-12-24,0.2500,0.2500,0.2500,0.2500,0
2021-12-23,0.2750,0.2750,0.2500,0.2500,75500
2021-12-22,0.2650,0.2700,0.2600,0.2600,6772
2021-12-21,0.2700,0.2700,0.2600,0.2600,5651
2021-12-20,0.2500,0.2600,0.2300,0.2600,198000
2021-12-17,0.2600,0.2600,0.2550,0.2550,15755
2021-12-16,0.2450,0.2650,0.2450,0.2650,32670
2021-12-15,0.2600,0.2600,0.2500,0.2600,14500
2021-12-14,0.2450,0.2650,0.2450,0.2500,31888
2021-12-13,0.2550,0.2700,0.2450,0.2650,127129
2021-12-10,0.2350,0.2550,0.2200,0.2550,47837
2021-12-09,0.2300,0.2550,0.2300,0.2500,12234
2021-12-08,0.2150,0.2350,0.2150,0.2350,36917
2021-12-07,0.2400,0.2400,0.2100,0.2100,218085
2021-12-06,0.2400,0.2400,0.2400,0.2400,14810
2021-12-03,0.2550,0.2550,0.2400,0.2450,99297
2021-12-02,0.2800,0.2800,0.2500,0.2500,93697
2021-12-01,0.3200,0.3200,0.2850,0.2900,20680
2021-11-30,0.2600,0.3250,0.2600,0.3250,175500
2021-11-29,0.2550,0.2550,0.2550,0.2550,7750
2021-11-26,0.2450,0.2700,0.2400,0.2650,63138
2021-11-25,0.2700,0.2700,0.2700,0.2700,0
2021-11-24,0.2600,0.2700,0.2600,0.2700,12804
2021-11-23,0.2600,0.2650,0.2300,0.2600,230936
2021-11-22,0.2700,0.2700,0.2650,0.2700,18465
2021-11-19,0.2750,0.2900,0.2750,0.2900,9721
2021-11-18,0.2600,0.2850,0.2550,0.2850,57670
2021-11-17,0.2650,0.2700,0.2600,0.2650,46115
2021-11-16,0.2750,0.2750,0.2650,0.2650,23564
2021-11-15,0.2800,0.2800,0.2600,0.2800,43155
2021-11-12,0.2800,0.2850,0.2550,0.2800,113241
2021-11-11,0.2700,0.2800,0.2650,0.2700,20280
2021-11-10,0.2700,0.2700,0.2650,0.2700,7100
2021-11-09,0.2600,0.2650,0.2600,0.2650,86476
2021-11-08,0.2700,0.2700,0.2550,0.2600,85571
2021-11-05,0.2700,0.2850,0.2550,0.2700,315202
2021-11-04,0.2700,0.2900,0.2700,0.2800,11801
2021-11-03,0.2850,0.2850,0.2800,0.2800,3001
2021-11-02,0.2950,0.2950,0.2800,0.2800,37164
2021-11-01,0.2800,0.2950,0.2800,0.2900,53793
2021-10-29,0.2850,0.3000,0.2800,0.3000,232147
2021-10-28,0.2850,0.2900,0.2650,0.2650,44156
2021-10-27,0.2800,0.2900,0.2650,0.2850,122539
2021-10-26,0.2800,0.2850,0.2800,0.2800,40862
2021-10-25,0.2650,0.2800,0.2450,0.2800,140389
2021-10-22,0.2700,0.2700,0.2400,0.2400,84100
2021-10-21,0.2800,0.2800,0.2600,0.2600,46935
2021-10-20,0.2800,0.2800,0.2700,0.2700,22231
2021-10-19,0.2800,0.2900,0.2750,0.2750,35999
2021-10-18,0.2950,0.2950,0.2800,0.2800,28604
2021-10-15,0.2800,0.2950,0.2800,0.2950,82450
2021-10-14,0.2800,0.2900,0.2750,0.2900,38487
2021-10-13,0.3000,0.3000,0.2750,0.2950,49000
2021-10-12,0.3000,0.3000,0.2850,0.2950,12126
2021-10-08,0.2900,0.2900,0.2750,0.2800,72251
2021-10-07,0.2650,0.2900,0.2650,0.2750,7620
2021-10-06,0.2550,0.2600,0.2550,0.2600,8970
2021-10-05,0.2850,0.2850,0.2600,0.2600,55029
2021-10-04,0.3200,0.3200,0.2925,0.3000,8557
2021-10-01,0.3200,0.3200,0.2750,0.2750,21371
2021-09-30,0.2850,0.3300,0.2850,0.3300,259038
2021-09-29,0.3100,0.3100,0.2700,0.3000,186880
2021-09-28,0.2450,0.3300,0.2300,0.3300,544952
2021-09-27,0.2700,0.2700,0.2450,0.2700,18604
2021-09-24,0.2450,0.2500,0.2400,0.2400,42945
2021-09-23,0.2250,0.2300,0.2250,0.2250,56617
2021-09-22,0.2250,0.2350,0.2200,0.2200,159355
2021-09-21,0.2400,0.2500,0.2300,0.2300,93590
2021-09-20,0.2600,0.2650,0.2300,0.2500,128690
2021-09-17,0.2600,0.2600,0.2500,0.2600,26900
2021-09-16,0.2600,0.2600,0.2300,0.2450,65091
2021-09-15,0.2350,0.2700,0.2350,0.2600,78000
2021-09-14,0.2650,0.2700,0.2500,0.2500,112545
2021-09-13,0.2750,0.2850,0.2600,0.2700,165671
2021-09-10,0.2650,0.2800,0.2500,0.2750,369995
2021-09-09,0.2350,0.2650,0.2300,0.2550,453218
2021-09-08,0.2050,0.2300,0.2000,0.2050,127934
2021-09-07,0.2300,0.2300,0.2000,0.2000,168050
2021-09-03,0.2200,0.2300,0.2150,0.2200,77292
2021-09-02,0.2450,0.2450,0.2050,0.2200,122999
2021-09-01,0.2400,0.2400,0.2350,0.2350,24200
2021-08-31,0.2500,0.2500,0.2300,0.2350,17675
2021-08-30,0.2500,0.2500,0.2500,0.2500,6800
2021-08-27,0.2400,0.2600,0.2400,0.2550,62792
2021-08-26,0.2600,0.2600,0.2400,0.2500,352727
2021-08-25,0.2600,0.2600,0.2400,0.2600,96832
2021-08-24,0.2600,0.2600,0.2400,0.2600,167152
2021-08-23,0.2250,0.2900,0.2150,0.2900,207800
2021-08-20,0.2500,0.2500,0.2400,0.2400,94610
2021-08-19,0.2600,0.2600,0.2500,0.2500,4600
2021-08-18,0.2500,0.2500,0.2450,0.2500,17126
2021-08-17,0.2600,0.2650,0.2500,0.2500,33700
2021-08-16,0.2600,0.2700,0.2500,0.2600,51957
2021-08-13,0.2650,0.2700,0.2600,0.2600,58756
2021-08-12,0.2800,0.2800,0.2650,0.2650,32643
2021-08-11,0.2700,0.2750,0.2700,0.2750,24990
2021-08-10,0.2800,0.2800,0.2650,0.2650,71764
2021-08-09,0.2900,0.2900,0.2750,0.2800,34400
2021-08-06,0.2900,0.2900,0.2800,0.2850,212391
2021-08-05,0.2900,0.2950,0.2900,0.2900,7322
2021-08-04,0.3050,0.3050,0.2900,0.2900,145022
2021-08-03,0.3000,0.3100,0.3000,0.3000,216741
2021-07-30,0.2950,0.2950,0.2950,0.2950,11100
2021-07-29,0.3200,0.3200,0.3000,0.3000,35650
2021-07-28,0.3000,0.3200,0.3000,0.3200,168120
2021-07-27,0.3350,0.3400,0.3000,0.3150,53378
2021-07-26,0.3200,0.3400,0.3050,0.3050,53372
2021-07-23,0.2850,0.3150,0.2800,0.3150,89470
2021-07-22,0.2800,0.3000,0.2650,0.2700,98820
2021-07-21,0.2900,0.3050,0.2900,0.2900,14176
2021-07-20,0.3000,0.3000,0.2900,0.3000,51500
2021-07-19,0.3200,0.3200,0.3000,0.3000,33676
2021-07-16,0.3200,0.3200,0.3000,0.3100,94812
2021-07-15,0.3300,0.3500,0.3150,0.3400,72700
2021-07-14,0.3300,0.3300,0.3300,0.3300,10052
2021-07-13,0.3400,0.3450,0.3000,0.3350,138987
2021-07-12,0.2800,0.3500,0.2650,0.3400,154096
2021-07-09,0.3000,0.3000,0.2750,0.3000,72738
2021-07-08,0.3000,0.3050,0.2650,0.3000,219995
2021-07-07,0.3150,0.3150,0.2900,0.3000,10099
2021-07-06,0.2850,0.3200,0.2800,0.3200,92467
2021-07-05,0.3100,0.3100,0.2900,0.2950,72096
2021-07-02,0.3200,0.3200,0.2900,0.3050,198688
2021-06-30,0.3000,0.3100,0.2900,0.3050,98833
2021-06-29,0.3000,0.3100,0.2950,0.2950,151350
2021-06-28,0.3400,0.3450,0.3000,0.3100,401884
2021-06-25,0.3300,0.3500,0.3300,0.3350,131390
2021-06-24,0.3450,0.3500,0.3300,0.3400,67053
2021-06-23,0.3700,0.3700,0.3500,0.3500,130590
2021-06-22,0.3700,0.3700,0.3650,0.3700,16959
2021-06-21,0.3550,0.3950,0.3400,0.3700,285463
2021-06-18,0.3250,0.3400,0.3100,0.3350,105138
2021-06-17,0.2650,0.3400,0.2650,0.3400,317575
2021-06-16,0.3700,0.3700,0.3500,0.3500,17520
2021-06-15,0.3850,0.3950,0.3500,0.3700,112183
2021-06-14,0.3900,0.4000,0.3600,0.3900,328997
2021-06-11,0.3700,0.3700,0.3600,0.3700,138100
2021-06-10,0.3650,0.3800,0.3500,0.3800,305520
2021-06-09,0.3650,0.3650,0.3500,0.3650,95100
2021-06-08,0.3450,0.3650,0.3400,0.3550,272735
2021-06-07,0.3550,0.3650,0.3300,0.3400,168360
2021-06-04,0.3150,0.3800,0.3100,0.3800,1303300
2021-06-03,0.3000,0.3200,0.2900,0.2900,66621
2021-06-02,0.3100,0.3200,0.3000,0.3000,162000
2021-06-01,0.3000,0.3100,0.2800,0.3100,233416
2021-05-31,0.3100,0.3200,0.3050,0.3050,110048
2021-05-28,0.2850,0.3200,0.2850,0.3050,190650
2021-05-27,0.3100,0.3100,0.2900,0.3000,306587
2021-05-26,0.2950,0.3050,0.2950,0.3050,168840
2021-05-25,0.2800,0.2950,0.2800,0.2950,507067
2021-05-21,0.2600,0.2700,0.2500,0.2700,121777
2021-05-20,0.2800,0.2800,0.2450,0.2500,49748
2021-05-19,0.2600,0.2700,0.2400,0.2700,226150
2021-05-18,0.2800,0.2800,0.2500,0.2600,154130
2021-05-17,0.2750,0.2850,0.2600,0.2700,80116
2021-05-14,0.2550,0.2600,0.2500,0.2600,16068
2021-05-13,0.2400,0.2400,0.2400,0.2400,4052
2021-05-12,0.2400,0.2450,0.2400,0.2400,55230
2021-05-11,0.2800,0.2850,0.2500,0.2500,123500
2021-05-10,0.2600,0.2700,0.2500,0.2550,35001
2021-05-07,0.2750,0.2750,0.2500,0.2700,19985
2021-05-06,0.2800,0.2800,0.2500,0.2750,102546
2021-05-05,0.2700,0.2700,0.2600,0.2600,106034
2021-05-04,0.2800,0.2800,0.2700,0.2700,28462
2021-05-03,0.2700,0.2900,0.2650,0.2800,228076
2021-04-30,0.2600,0.2700,0.2500,0.2650,149812
2021-04-29,0.2800,0.2800,0.2500,0.2650,118800
2021-04-28,0.2500,0.2800,0.2400,0.2750,303777
2021-04-27,0.2450,0.2600,0.2450,0.2500,114500
2021-04-26,0.2300,0.2450,0.2300,0.2450,145500
2021-04-23,0.2200,0.2300,0.2200,0.2250,156020
2021-04-22,0.2400,0.2500,0.2350,0.2350,106557
2021-04-21,0.2300,0.2600,0.2300,0.2500,210141
2021-04-20,0.2300,0.2350,0.2100,0.2300,167553
2021-04-19,0.2200,0.2200,0.2150,0.2200,256940
2021-04-16,0.2400,0.2400,0.2200,0.2300,215767
2021-04-15,0.1850,0.2400,0.1850,0.2250,704641
2021-04-14,0.1800,0.1800,0.1800,0.1800,2000
2021-04-13,0.1800,0.1800,0.1700,0.1700,60500
2021-04-12,0.1750,0.1800,0.1750,0.1800,75000
2021-04-09,0.1750,0.1750,0.1700,0.1750,27430
2021-04-08,0.1650,0.1750,0.1650,0.1700,70437
2021-04-07,0.1700,0.1700,0.1650,0.1700,39500
2021-04-06,0.1800,0.1800,0.1700,0.1700,149700
2021-04-05,0.1900,0.1900,0.1900,0.1900,7300
2021-04-01,0.1850,0.1900,0.1750,0.1850,21600
2021-03-31,0.1800,0.1850,0.1750,0.1800,203833
2021-03-30,0.1700,0.1800,0.1700,0.1750,103450
2021-03-29,0.1900,0.1900,0.1850,0.1850,91145
2021-03-26,0.1800,0.1900,0.1800,0.1900,64900
2021-03-25,0.1850,0.1850,0.1700,0.1700,19655
2021-03-24,0.1850,0.1850,0.1800,0.1850,54185
2021-03-23,0.1850,0.1850,0.1800,0.1800,20820
2021-03-22,0.1850,0.1900,0.1800,0.1900,62402
2021-03-19,0.1700,0.1750,0.1700,0.1700,12250
2021-03-18,0.1800,0.1800,0.1700,0.1700,218430
2021-03-17,0.1800,0.1800,0.1700,0.1800,122350
2021-03-16,0.1850,0.2000,0.1700,0.1800,202264
2021-03-15,0.1750,0.1800,0.1750,0.1800,239000
2021-03-12,0.1750,0.1750,0.1600,0.1650,489135
2021-03-11,0.1750,0.1750,0.1550,0.1650,136680
2021-03-10,0.1550,0.1800,0.1550,0.1600,224500
2021-03-09,0.1400,0.1400,0.1400,0.1400,10000
2021-03-08,0.1350,0.1450,0.1250,0.1450,45020
2021-03-05,0.1500,0.1600,0.1350,0.1400,351300
2021-03-04,0.2000,0.2000,0.1450,0.1450,442452
2021-03-03,0.1700,0.1700,0.1500,0.1550,215144
2021-03-02,0.1600,0.1700,0.1450,0.1700,429406
2021-03-01,0.1850,0.1850,0.1650,0.1650,51000
2021-02-26,0.1800,0.1800,0.1800,0.1800,690000
2021-02-25,0.1950,0.1950,0.1900,0.1900,4000
2021-02-24,0.1800,0.1800,0.1800,0.1800,0
2021-02-23,0.1800,0.1800,0.1750,0.1800,30860
2021-02-22,0.2000,0.2000,0.1800,0.1800,55757
2021-02-19,0.1900,0.1900,0.1850,0.1850,9800
2021-02-18,0.1900,0.1900,0.1900,0.1900,4500
2021-02-17,0.1900,0.1900,0.1900,0.1900,27777
2021-02-16,0.2000,0.2000,0.1950,0.1950,108874
2021-02-12,0.2100,0.2100,0.1800,0.2000,133666
2021-02-11,0.1900,0.1900,0.1900,0.1900,4750
2021-02-10,0.2000,0.2000,0.1900,0.1900,25800
2021-02-09,0.2200,0.2500,0.2100,0.2100,173774
2021-02-08,0.1950,0.2200,0.1950,0.2000,95100
2021-02-05,0.2000,0.2000,0.1800,0.1800,28310
2021-02-04,0.1800,0.2000,0.1800,0.2000,26100
2021-02-03,0.1950,0.1950,0.1800,0.1900,23400
2021-02-02,0.1700,0.2000,0.1650,0.2000,146172
2021-02-01,0.2000,0.2000,0.1750,0.1750,68000
2021-01-29,0.1700,0.1700,0.1550,0.1700,94900
2021-01-28,0.1750,0.1800,0.1550,0.1650,73500
2021-01-27,0.1850,0.1900,0.1500,0.1750,514004
2021-01-26,0.2050,0.2050,0.1900,0.2000,21900
2021-01-25,0.2000,0.2050,0.1950,0.2050,134810
2021-01-22,0.2150,0.2150,0.2050,0.2050,31500
2021-01-21,0.2100,0.2150,0.2100,0.2150,33250
2021-01-20,0.2100,0.2100,0.2100,0.2100,0
2021-01-19,0.2100,0.2100,0.2000,0.2100,15790
2021-01-18,0.2000,0.2000,0.2000,0.2000,0
2021-01-15,0.2000,0.2000,0.2000,0.2000,10100
2021-01-14,0.2100,0.2100,0.2000,0.2000,110500
2021-01-13,0.2100,0.2150,0.2100,0.2150,61526
2021-01-12,0.2100,0.2100,0.2000,0.2050,19000
2021-01-11,0.2150,0.2150,0.2000,0.2000,146192
2021-01-08,0.2150,0.2150,0.1950,0.2000,225600
2021-01-07,0.2200,0.2200,0.2200,0.2200,2000
2021-01-06,0.2300,0.2300,0.2300,0.2300,73000
2021-01-05,0.2400,0.2400,0.2100,0.2400,48830
2021-01-04,0.2300,0.2500,0.2300,0.2400,152180
2020-12-31,0.2100,0.2250,0.2100,0.2200,26083
2020-12-30,0.2100,0.2100,0.2100,0.2100,5000
2020-12-29,0.2250,0.2250,0.2000,0.2050,72321
2020-12-24,0.2100,0.2100,0.2100,0.2100,0
2020-12-23,0.2000,0.2100,0.2000,0.2100,68800
2020-12-22,0.1900,0.2000,0.1900,0.2000,41760
2020-12-21,0.2200,0.2200,0.2200,0.2200,0
2020-12-18,0.2250,0.2250,0.2100,0.2200,237887
2020-12-17,0.2000,0.2300,0.2000,0.2300,231662
2020-12-16,0.2050,0.2050,0.2000,0.2000,21512
2020-12-15,0.1950,0.2100,0.1950,0.2100,83100
2020-12-14,0.2000,0.2000,0.1950,0.1950,18040
2020-12-11,0.2050,0.2100,0.1900,0.2100,101838
2020-12-10,0.1950,0.2100,0.1950,0.2000,130100
2020-12-09,0.2000,0.2050,0.1850,0.1850,50293
2020-12-08,0.2100,0.2100,0.2000,0.2000,205000
2020-12-07,0.2200,0.2200,0.2100,0.2100,28600
2020-12-04,0.2200,0.2250,0.2200,0.2250,45111
2020-12-03,0.2100,0.2250,0.2000,0.2250,211892
2020-12-02,0.2200,0.2200,0.2200,0.2200,18361
2020-12-01,0.2200,0.2350,0.2200,0.2350,121500
2020-11-30,0.2400,0.2600,0.2400,0.2500,12270
2020-11-27,0.2850,0.2850,0.2400,0.2400,76423
2020-11-26,0.2850,0.2850,0.2700,0.2700,60000
2020-11-25,0.2500,0.2900,0.2400,0.2900,301900
2020-11-24,0.2200,0.3250,0.2000,0.2500,906670
2020-11-23,0.1850,0.2350,0.1650,0.2350,422950
2020-11-20,0.1850,0.1850,0.1750,0.1800,214400
2020-11-19,0.1650,0.1800,0.1650,0.1800,104500
2020-11-18,0.1800,0.1850,0.1700,0.1700,45500
2020-11-17,0.1850,0.1850,0.1600,0.1850,83301
2020-11-16,0.1600,0.1700,0.1500,0.1700,177500
2020-11-13,0.1700,0.1700,0.1550,0.1600,42231
2020-11-12,0.1600,0.1650,0.1550,0.1550,36500
2020-11-11,0.1625,0.1650,0.1550,0.1550,28100
2020-11-10,0.1600,0.1600,0.1600,0.1600,203550
2020-11-09,0.1550,0.1600,0.1500,0.1600,30275
2020-11-06,0.1600,0.1600,0.1500,0.1600,178250
2020-11-05,0.1600,0.1700,0.1550,0.1650,208486
2020-11-04,0.1600,0.1700,0.1550,0.1550,118000
2020-11-03,0.1700,0.1700,0.1600,0.1650,66000
2020-11-02,0.1600,0.1750,0.1550,0.1550,184437
2020-10-30,0.1800,0.1800,0.1800,0.1800,0
2020-10-29,0.1500,0.1800,0.1500,0.1800,381450
2020-10-28,0.1500,0.1550,0.1500,0.1500,145411
2020-10-27,0.1750,0.1750,0.1600,0.1600,64560
2020-10-26,0.1850,0.1850,0.1500,0.1600,330000
2020-10-23,0.1600,0.1800,0.1600,0.1800,99472
2020-10-22,0.1600,0.1800,0.1600,0.1800,50300
2020-10-21,0.1800,0.1800,0.1800,0.1800,138530
2020-10-20,0.1800,0.1800,0.1800,0.1800,18500
2020-10-19,0.1850,0.1900,0.1750,0.1800,139500
2020-10-16,0.1900,0.1900,0.1800,0.1900,31625
2020-10-15,0.1800,0.1800,0.1800,0.1800,73455
2020-10-14,0.1900,0.1900,0.1850,0.1900,39500
2020-10-13,0.2000,0.2150,0.1850,0.1850,230025
2020-10-09,0.2000,0.2000,0.1900,0.1900,40500
2020-10-08,0.2000,0.2000,0.1950,0.2000,26500
2020-10-07,0.2000,0.2000,0.1850,0.2000,53100
2020-10-06,0.2100,0.2200,0.2000,0.2050,235906
2020-10-05,0.2050,0.2100,0.1900,0.2100,241576
2020-10-02,0.2000,0.2000,0.1850,0.2000,125803
2020-10-01,0.1600,0.2100,0.1600,0.2000,909275
2020-09-30,0.1550,0.1550,0.1500,0.1550,113550
2020-09-29,0.1550,0.1550,0.1550,0.1550,1500
2020-09-28,0.1600,0.1600,0.1450,0.1550,64440
2020-09-25,0.1600,0.1600,0.1500,0.1600,65300
2020-09-24,0.1500,0.1650,0.1500,0.1600,232005
2020-09-23,0.1400,0.1450,0.1350,0.1350,62284
2020-09-22,0.1400,0.1400,0.1400,0.1400,500
2020-09-21,0.1500,0.1500,0.1400,0.1450,79800
2020-09-18,0.1450,0.1450,0.1450,0.1450,0
2020-09-17,0.1550,0.1550,0.1450,0.1450,5000
2020-09-16,0.1600,0.1650,0.1500,0.1500,93000
2020-09-15,0.1700,0.1700,0.1600,0.1600,51600
2020-09-14,0.1700,0.1700,0.1600,0.1650,64033
2020-09-11,0.1700,0.1700,0.1650,0.1700,63766
2020-09-10,0.1500,0.1550,0.1500,0.1500,89500
2020-09-09,0.1700,0.1700,0.1500,0.1500,8500
2020-09-08,0.1500,0.1550,0.1500,0.1550,10300
2020-09-04,0.1700,0.1750,0.1700,0.1750,13209
2020-09-03,0.1750,0.1750,0.1750,0.1750,3000
2020-09-02,0.1750,0.1750,0.1750,0.1750,1500
2020-09-01,0.1700,0.1700,0.1700,0.1700,27500
2020-08-31,0.1700,0.1800,0.1700,0.1750,136500
2020-08-28,0.1600,0.1700,0.1600,0.1700,41000
2020-08-27,0.1500,0.1700,0.1500,0.1600,92285
2020-08-26,0.1250,0.1500,0.1200,0.1500,176900
2020-08-25,0.1450,0.1450,0.1450,0.1450,0
2020-08-24,0.1450,0.1450,0.1450,0.1450,12013
2020-08-21,0.1300,0.1400,0.1300,0.1400,25000
2020-08-20,0.1400,0.1400,0.1200,0.1400,478685
2020-08-19,0.1500,0.1500,0.1400,0.1500,96261
2020-08-18,0.1550,0.1550,0.1400,0.1500,150200
2020-08-17,0.1750,0.1800,0.1750,0.1750,21500
2020-08-14,0.1800,0.1800,0.1700,0.1800,72500
2020-08-13,0.1650,0.1700,0.1500,0.1700,114500
2020-08-12,0.1450,0.1500,0.1450,0.1500,34100
2020-08-11,0.1500,0.1500,0.1300,0.1450,81400
2020-08-10,0.1700,0.1700,0.1700,0.1700,14617
2020-08-07,0.1550,0.1650,0.1550,0.1650,25900
2020-08-06,0.1650,0.1650,0.1650,0.1650,0
2020-08-05,0.1850,0.1850,0.1650,0.1650,34200
2020-08-04,0.1550,0.1800,0.1550,0.1800,70534
2020-07-31,0.1550,0.1550,0.1450,0.1550,63800
2020-07-30,0.1550,0.1550,0.1450,0.1550,27580
2020-07-29,0.1600,0.1600,0.1550,0.1550,21100
2020-07-28,0.1650,0.1650,0.1600,0.1600,16950
2020-07-27,0.1900,0.1900,0.1700,0.1700,124111
2020-07-24,0.1750,0.1800,0.1750,0.1800,101000
2020-07-23,0.1750,0.1750,0.1450,0.1600,335248
2020-07-22,0.1800,0.1800,0.1700,0.1700,47200
2020-07-21,0.1900,0.1900,0.1800,0.1800,120100
2020-07-20,0.1900,0.2100,0.1900,0.1900,53026
2020-07-17,0.1850,0.1900,0.1850,0.1850,247473
2020-07-16,0.1900,0.1950,0.1700,0.1900,196500
2020-07-15,0.2000,0.2500,0.1950,0.1950,313731
2020-07-14,0.1900,0.1900,0.1800,0.1900,170000
2020-07-13,0.1900,0.1900,0.1900,0.1900,69300
2020-07-10,0.1900,0.1900,0.1750,0.1900,162500
2020-07-09,0.1650,0.1900,0.1600,0.1800,308600
2020-07-08,0.1500,0.1600,0.1500,0.1600,360625
2020-07-07,0.1400,0.1500,0.1400,0.1400,128433
2020-07-06,0.1450,0.1500,0.1350,0.1400,426300
2020-07-03,0.1400,0.1550,0.1300,0.1350,277600
2020-07-02,0.1300,0.1350,0.1300,0.1300,126477
2020-06-30,0.1300,0.1400,0.1250,0.1300,82200
2020-06-29,0.1050,0.1250,0.1050,0.1250,129341
2020-06-26,0.0950,0.1100,0.0950,0.0950,57000
2020-06-25,0.0900,0.0900,0.0900,0.0900,10755
2020-06-24,0.0950,0.0950,0.0900,0.0900,381500
2020-06-23,0.1000,0.1050,0.1000,0.1000,84400
2020-06-22,0.0950,0.1000,0.0950,0.1000,253500
2020-06-19,0.0950,0.1000,0.0950,0.1000,68000
2020-06-18,0.1000,0.1000,0.0950,0.0950,165150
2020-06-17,0.1100,0.1100,0.1100,0.1100,0
2020-06-16,0.1050,0.1100,0.1000,0.1100,23750
2020-06-15,0.1050,0.1100,0.1000,0.1100,64400
2020-06-12,0.1050,0.1050,0.1050,0.1050,4001
2020-06-11,0.1050,0.1050,0.1050,0.1050,5000
2020-06-10,0.1150,0.1150,0.1000,0.1050,110500
2020-06-09,0.1050,0.1100,0.1050,0.1100,76333
2020-06-08,0.0950,0.1000,0.0950,0.1000,12296
2020-06-05,0.1150,0.1150,0.0950,0.0950,96000
2020-06-04,0.1000,0.1150,0.1000,0.1150,41766
2020-06-03,0.1150,0.1150,0.1150,0.1150,14000
2020-06-02,0.1100,0.1150,0.1100,0.1100,40500
2020-06-01,0.1200,0.1200,0.1100,0.1200,79055
2020-05-29,0.1200,0.1200,0.1200,0.1200,15600
2020-05-28,0.1050,0.1050,0.1050,0.1050,12000
2020-05-27,0.1000,0.1000,0.0950,0.1000,235200
2020-05-26,0.1100,0.1100,0.1000,0.1000,71300
2020-05-25,0.1200,0.1200,0.1150,0.1150,26500
2020-05-22,0.1050,0.1200,0.1050,0.1200,34300
2020-05-21,0.1200,0.1200,0.1200,0.1200,0
2020-05-20,0.1250,0.1250,0.1200,0.1200,50000
2020-05-19,0.1100,0.1300,0.1100,0.1200,215000
2020-05-15,0.0950,0.1100,0.0950,0.1100,715156
2020-05-14,0.0950,0.0950,0.0900,0.0900,5200
2020-05-13,0.0800,0.0900,0.0800,0.0900,106500
2020-05-12,0.0800,0.0800,0.0800,0.0800,0
2020-05-11,0.0800,0.0800,0.0800,0.0800,21244
2020-05-08,0.0750,0.0750,0.0750,0.0750,50000
2020-05-07,0.0750,0.0750,0.0750,0.0750,23000
2020-05-06,0.0750,0.0750,0.0750,0.0750,0
2020-05-05,0.0700,0.0750,0.0700,0.0750,107143
2020-05-04,0.0700,0.0700,0.0700,0.0700,10000
2020-05-01,0.0700,0.0700,0.0700,0.0700,0
2020-04-30,0.0700,0.0700,0.0700,0.0700,0
2020-04-29,0.0700,0.0700,0.0700,0.0700,35500
2020-04-28,0.0650,0.0650,0.0650,0.0650,0
2020-04-27,0.0700,0.0700,0.0650,0.0650,37500
2020-04-24,0.0650,0.0650,0.0650,0.0650,0
2020-04-23,0.0650,0.0650,0.0650,0.0650,121084
2020-04-22,0.0650,0.0800,0.0650,0.0800,14000
2020-04-21,0.0600,0.0650,0.0600,0.0650,34000
2020-04-20,0.0600,0.0600,0.0600,0.0600,20000
2020-04-17,0.0600,0.0600,0.0600,0.0600,8000
2020-04-16,0.0600,0.0600,0.0600,0.0600,11000
2020-04-15,0.0650,0.0650,0.0650,0.0650,3000
2020-04-14,0.0600,0.0650,0.0550,0.0650,80000
2020-04-13,0.0600,0.0600,0.0600,0.0600,13000
2020-04-09,0.0450,0.0600,0.0450,0.0600,199000
2020-04-08,0.0400,0.0500,0.0400,0.0500,14000
2020-04-07,0.0500,0.0500,0.0500,0.0500,0
2020-04-06,0.0500,0.0500,0.0500,0.0500,0
2020-04-03,0.0500,0.0500,0.0500,0.0500,0
2020-04-02,0.0500,0.0500,0.0500,0.0500,7000
2020-04-01,0.0500,0.0500,0.0500,0.0500,0
2020-03-31,0.0500,0.0500,0.0500,0.0500,0
2020-03-30,0.0550,0.0550,0.0500,0.0500,5600
2020-03-27,0.0500,0.0500,0.0500,0.0500,0
2020-03-26,0.0500,0.0500,0.0500,0.0500,0
2020-03-25,0.0450,0.0500,0.0450,0.0500,91000
2020-03-24,0.0450,0.0450,0.0450,0.0450,15000
2020-03-23,0.0400,0.0400,0.0350,0.0350,16000
2020-03-20,0.0350,0.0350,0.0350,0.0350,25000
2020-03-19,0.0400,0.0400,0.0400,0.0400,80000
2020-03-18,0.0400,0.0400,0.0400,0.0400,0
2020-03-17,0.0400,0.0400,0.0400,0.0400,0
2020-03-16,0.0400,0.0400,0.0400,0.0400,0
2020-03-13,0.0400,0.0400,0.0400,0.0400,13000
2020-03-12,0.0450,0.0450,0.0400,0.0400,57000
2020-03-11,0.0450,0.0450,0.0450,0.0450,10000
2020-03-10,0.0550,0.0550,0.0550,0.0550,14000
2020-03-09,0.0400,0.0500,0.0400,0.0500,190500
2020-03-06,0.0550,0.0550,0.0500,0.0500,39500
2020-03-05,0.0500,0.0500,0.0500,0.0500,53000
2020-03-04,0.0500,0.0550,0.0500,0.0550,23000
2020-03-03,0.0600,0.0600,0.0550,0.0550,75800
2020-03-02,0.0500,0.0600,0.0500,0.0600,33000
2020-02-28,0.0500,0.0550,0.0500,0.0550,24000
2020-02-27,0.0650,0.0650,0.0650,0.0650,0
2020-02-26,0.0650,0.0650,0.0650,0.0650,20000
2020-02-25,0.0600,0.0600,0.0600,0.0600,78000
2020-02-24,0.0600,0.0600,0.0600,0.0600,81000
2020-02-21,0.0550,0.0550,0.0550,0.0550,8000
2020-02-20,0.0600,0.0600,0.0600,0.0600,79000
2020-02-19,0.0550,0.0600,0.0550,0.0600,84500
2020-02-18,0.0650,0.0650,0.0550,0.0550,155000
2020-02-14,0.0650,0.0650,0.0600,0.0650,112080
2020-02-13,0.0800,0.0800,0.0650,0.0650,98000
2020-02-12,0.0750,0.0750,0.0750,0.0750,0
2020-02-11,0.0750,0.0750,0.0750,0.0750,50000
2020-02-10,0.0750,0.0750,0.0750,0.0750,7000
2020-02-07,0.0800,0.0850,0.0750,0.0750,76000
2020-02-06,0.0700,0.0750,0.0700,0.0750,58000
2020-02-05,0.0700,0.0700,0.0700,0.0700,83458
2020-02-04,0.0750,0.0750,0.0750,0.0750,20500
2020-02-03,0.0800,0.0800,0.0750,0.0750,514300
2020-01-31,0.0800,0.0800,0.0800,0.0800,197000
2020-01-30,0.0700,0.0850,0.0700,0.0850,312204
2020-01-29,0.0750,0.0750,0.0750,0.0750,26900
2020-01-28,0.0800,0.0900,0.0800,0.0800,56000
2020-01-27,0.0800,0.0800,0.0800,0.0800,25100
2020-01-24,0.0800,0.0800,0.0750,0.0750,315000
2020-01-23,0.0800,0.0850,0.0800,0.0850,251000
2020-01-22,0.0900,0.0900,0.0900,0.0900,0
2020-01-21,0.0800,0.0900,0.0800,0.0900,27000
2020-01-20,0.0800,0.0800,0.0800,0.0800,37000
2020-01-17,0.0950,0.0950,0.0800,0.0800,186854
2020-01-16,0.1000,0.1000,0.0900,0.0900,125444
2020-01-15,0.1300,0.1300,0.1000,0.1000,19000
2020-01-14,0.1000,0.1400,0.1000,0.1400,70000
2020-01-13,0.1000,0.1000,0.0950,0.0950,39500
2020-01-10,0.1000,0.1000,0.1000,0.1000,4000
2020-01-09,0.1000,0.1000,0.0900,0.1000,20542
2020-01-08,0.1050,0.1050,0.1000,0.1000,13583
2020-01-07,0.1150,0.1150,0.1100,0.1100,41850
2020-01-06,0.1200,0.1700,0.1050,0.1100,151400
2020-01-03,0.1050,0.1100,0.1050,0.1100,90000
2020-01-02,0.1050,0.1050,0.1050,0.1050,10000
2019-12-31,0.1050,0.1050,0.0900,0.0950,17650
2019-12-30,0.1000,0.1000,0.1000,0.1000,175500
2019-12-27,0.0950,0.1000,0.0850,0.1000,34400
2019-12-24,0.0850,0.0900,0.0850,0.0900,99800
2019-12-23,0.0800,0.0850,0.0800,0.0800,174706
2019-12-20,0.0800,0.0850,0.0800,0.0850,73000
2019-12-19,0.0700,0.0800,0.0700,0.0800,19501
2019-12-18,0.0800,0.0800,0.0700,0.0750,60800
2019-12-17,0.0700,0.0750,0.0700,0.0750,60000
2019-12-16,0.0700,0.0700,0.0650,0.0700,207000
2019-12-13,0.0700,0.0700,0.0700,0.0700,0
2019-12-12,0.0750,0.0750,0.0650,0.0700,146500
2019-12-11,0.0900,0.0900,0.0700,0.0750,345000
2019-12-10,0.0950,0.0950,0.0950,0.0950,7032
2019-12-09,0.0900,0.0900,0.0900,0.0900,15000
2019-12-06,0.0900,0.0900,0.0900,0.0900,30000
2019-12-05,0.1000,0.1000,0.0800,0.0800,104000
2019-12-04,0.1100,0.1100,0.1100,0.1100,600
2019-12-03,0.1150,0.1150,0.1150,0.1150,0
2019-12-02,0.1200,0.1200,0.1150,0.1150,19580
2019-11-29,0.0800,0.1200,0.0750,0.1200,40208
2019-11-28,0.0900,0.0900,0.0750,0.0800,130111
2019-11-27,0.0950,0.0950,0.0800,0.0850,45000
2019-11-26,0.1000,0.1000,0.1000,0.1000,48727
2019-11-25,0.1000,0.1000,0.1000,0.1000,0
2019-11-22,0.1000,0.1000,0.1000,0.1000,60000
2019-11-21,0.1000,0.1000,0.0950,0.0950,2500
2019-11-20,0.1000,0.1000,0.1000,0.1000,73600
2019-11-19,0.0950,0.0950,0.0950,0.0950,2000
2019-11-18,0.1150,0.1150,0.0950,0.1000,167500
2019-11-15,0.1150,0.1150,0.1000,0.1000,65000
2019-11-14,0.1100,0.1200,0.1100,0.1150,34800
2019-11-13,0.1200,0.1200,0.1000,0.1050,120000
2019-11-12,0.1200,0.1200,0.1200,0.1200,0
2019-11-11,0.1200,0.1200,0.1200,0.1200,7500
2019-11-08,0.1200,0.1200,0.1200,0.1200,0
2019-11-07,0.1400,0.1400,0.1150,0.1200,172000
2019-11-06,0.1300,0.1400,0.1300,0.1400,89000
2019-11-05,0.1300,0.1300,0.1200,0.1200,34500
2019-11-04,0.1250,0.1400,0.1250,0.1400,140708
2019-11-01,0.1400,0.1400,0.1400,0.1400,32000
2019-10-31,0.1300,0.1450,0.1300,0.1400,100400
2019-10-30,0.1100,0.1150,0.1050,0.1150,108000
2019-10-29,0.1150,0.1150,0.1050,0.1050,123000
2019-10-28,0.1150,0.1150,0.1150,0.1150,6000
2019-10-25,0.1300,0.1300,0.1300,0.1300,65500
2019-10-24,0.1300,0.1300,0.1300,0.1300,6000
2019-10-23,0.1300,0.1300,0.1300,0.1300,5500
2019-10-22,0.1300,0.1300,0.1300,0.1300,0
2019-10-21,0.1250,0.1300,0.1250,0.1300,61000
2019-10-18,0.1250,0.1250,0.1100,0.1100,227242
2019-10-17,0.1100,0.1100,0.1000,0.1100,315000
2019-10-16,0.1150,0.1350,0.1100,0.1100,157500
2019-10-15,0.1200,0.1200,0.1200,0.1200,500
2019-10-11,0.1350,0.1450,0.1200,0.1200,31500
2019-10-10,0.1300,0.1350,0.1300,0.1350,102000
2019-10-09,0.1400,0.1400,0.1400,0.1400,0
2019-10-08,0.1400,0.1400,0.1400,0.1400,3600
2019-10-07,0.1450,0.1450,0.1450,0.1450,33500
2019-10-04,0.1500,0.1500,0.1500,0.1500,0
2019-10-03,0.1450,0.1500,0.1350,0.1500,115000
2019-10-02,0.1500,0.1500,0.1450,0.1450,65350
2019-10-01,0.1450,0.1600,0.1450,0.1600,9000
2019-09-30,0.1500,0.1500,0.1450,0.1450,64500
2019-09-27,0.1650,0.1700,0.1500,0.1700,191625
2019-09-26,0.1550,0.1750,0.1550,0.1600,211505
2019-09-25,0.1550,0.1550,0.1550,0.1550,0
2019-09-24,0.1550,0.1550,0.1550,0.1550,0
2019-09-23,0.1550,0.1550,0.1550,0.1550,12250
2019-09-20,0.1400,0.1550,0.1350,0.1550,33000
2019-09-19,0.1450,0.1450,0.1450,0.1450,23500
2019-09-18,0.1500,0.1700,0.1450,0.1450,77700
2019-09-17,0.1450,0.1450,0.1450,0.1450,0
2019-09-16,0.1450,0.1450,0.1450,0.1450,33000
2019-09-13,0.1550,0.1550,0.1550,0.1550,0
2019-09-12,0.1550,0.1550,0.1550,0.1550,0
2019-09-11,0.1550,0.1550,0.1550,0.1550,0
2019-09-10,0.1550,0.1550,0.1550,0.1550,4000
2019-09-09,0.1500,0.1500,0.1500,0.1500,50000
2019-09-06,0.1600,0.1600,0.1450,0.1600,48000
2019-09-05,0.1500,0.1600,0.1500,0.1600,7500
2019-09-04,0.1500,0.1500,0.1450,0.1450,284210
2019-09-03,0.1800,0.1800,0.1700,0.1700,80625
2019-08-30,0.2100,0.2100,0.1900,0.2100,11600
2019-08-29,0.1700,0.1700,0.1700,0.1700,15000
2019-08-28,0.1650,0.1700,0.1650,0.1700,8500
2019-08-27,0.1600,0.1600,0.1550,0.1600,143000
2019-08-26,0.1800,0.1900,0.1600,0.1600,26400
2019-08-23,0.1600,0.1800,0.1600,0.1800,49500
2019-08-22,0.1550,0.1550,0.1450,0.1450,45500
2019-08-21,0.1550,0.1600,0.1550,0.1600,40000
2019-08-20,0.1500,0.1650,0.1450,0.1650,29500
2019-08-19,0.1500,0.1500,0.1500,0.1500,50000
2019-08-16,0.1500,0.1500,0.1200,0.1300,120844
2019-08-15,0.1500,0.1650,0.1500,0.1500,28520
2019-08-14,0.1350,0.1400,0.1350,0.1400,25500
2019-08-13,0.1350,0.1350,0.1350,0.1350,154000
2019-08-12,0.1400,0.1400,0.1200,0.1350,119500
2019-08-09,0.1450,0.1450,0.1450,0.1450,20000
2019-08-08,0.1500,0.1500,0.1500,0.1500,180000
2019-08-07,0.1500,0.1600,0.1500,0.1500,97000
2019-08-06,0.1500,0.1500,0.1350,0.1350,45500
2019-08-02,0.1500,0.1500,0.1500,0.1500,73000
2019-08-01,0.1400,0.1400,0.1400,0.1400,50000
2019-07-31,0.1400,0.1400,0.1350,0.1350,24000
2019-07-30,0.1500,0.1500,0.1400,0.1400,65000
2019-07-29,0.1500,0.1500,0.1500,0.1500,17000
2019-07-26,0.1500,0.1500,0.1500,0.1500,0
2019-07-25,0.1500,0.1500,0.1500,0.1500,40000
2019-07-24,0.1500,0.1500,0.1500,0.1500,108600
2019-07-23,0.1500,0.1500,0.1450,0.1450,109100
2019-07-22,0.1450,0.1500,0.1450,0.1500,56500
2019-07-19,0.1600,0.1600,0.1450,0.1450,69000
2019-07-18,0.1500,0.1700,0.1350,0.1700,300500
2019-07-17,0.1500,0.1500,0.1500,0.1500,65000
2019-07-16,0.1550,0.1550,0.1300,0.1350,110400
2019-07-15,0.1700,0.1700,0.1600,0.1600,33000
2019-07-12,0.1450,0.1600,0.1450,0.1450,129000
2019-07-11,0.1800,0.1800,0.1350,0.1350,245083
2019-07-10,0.1000,0.2250,0.1000,0.2250,351500
2019-07-09,0.1000,0.1000,0.1000,0.1000,0
2019-07-08,0.1000,0.1000,0.1000,0.1000,25000
2019-07-05,0.0900,0.0900,0.0900,0.0900,3500
2019-07-04,0.0950,0.0950,0.0900,0.0900,33000
2019-07-03,0.1000,0.1000,0.1000,0.1000,34000
2019-07-02,0.1100,0.1100,0.1100,0.1100,72000
2019-06-28,0.1300,0.1300,0.1300,0.1300,3000
2019-06-27,0.1350,0.1350,0.1350,0.1350,1000
2019-06-26,0.1050,0.1050,0.1050,0.1050,0
2019-06-25,0.1050,0.1050,0.1050,0.1050,0
2019-06-24,0.1050,0.1050,0.1050,0.1050,0
2019-06-21,0.1050,0.1050,0.1050,0.1050,0
2019-06-20,0.1050,0.1050,0.1050,0.1050,0
2019-06-19,0.1050,0.1050,0.1050,0.1050,0
2019-06-18,0.1050,0.1050,0.1050,0.1050,0
2019-06-17,0.1050,0.1050,0.1050,0.1050,0
2019-06-14,0.1000,0.1050,0.1000,0.1050,7000
2019-06-13,0.0900,0.0900,0.0900,0.0900,0
2019-06-12,0.0900,0.0900,0.0900,0.0900,0
2019-06-11,0.0900,0.0900,0.0900,0.0900,0
2019-06-10,0.0900,0.0900,0.0900,0.0900,2000
2019-06-07,0.1000,0.1000,0.1000,0.1000,0
2019-06-06,0.1000,0.1000,0.1000,0.1000,20000
2019-06-05,0.1000,0.1000,0.1000,0.1000,1000
2019-06-04,0.0900,0.0900,0.0900,0.0900,69000
2019-06-03,0.1100,0.1100,0.1100,0.1100,0
2019-05-31,0.1100,0.1100,0.1100,0.1100,18500
2019-05-30,0.1100,0.1100,0.1100,0.1100,5500
2019-05-29,0.1100,0.1100,0.1100,0.1100,3500
2019-05-28,0.1100,0.1100,0.1100,0.1100,0
2019-05-27,0.1100,0.1100,0.1100,0.1100,1833
2019-05-24,0.1200,0.1200,0.1100,0.1100,25500
2019-05-23,0.1300,0.1300,0.1300,0.1300,0
2019-05-22,0.1300,0.1300,0.1300,0.1300,0
2019-05-21,0.1300,0.1300,0.1300,0.1300,12500
2019-05-17,0.1500,0.1500,0.1500,0.1500,0
2019-05-16,0.1500,0.1500,0.1500,0.1500,10001
2019-05-15,0.1200,0.1500,0.1200,0.1500,4125
2019-05-14,0.1650,0.1650,0.1650,0.1650,0
2019-05-13,0.1650,0.1650,0.1650,0.1650,0
2019-05-10,0.1650,0.1650,0.1650,0.1650,0
2019-05-09,0.1650,0.1650,0.1650,0.1650,0
2019-05-08,0.1650,0.1650,0.1650,0.1650,0
2019-05-07,0.1650,0.1650,0.1650,0.1650,0
2019-05-06,0.1650,0.1650,0.1650,0.1650,750
2019-05-03,0.1500,0.1500,0.1500,0.1500,0
2019-05-02,0.1550,0.1550,0.1400,0.1500,32083
2019-05-01,0.1700,0.1700,0.1600,0.1600,9500
2019-04-30,0.1750,0.1750,0.1700,0.1700,7000
2019-04-29,0.1800,0.1800,0.1800,0.1800,0
2019-04-26,0.1800,0.1800,0.1800,0.1800,20000
2019-04-25,0.1850,0.1850,0.1850,0.1850,2000
2019-04-24,0.1800,0.1800,0.1750,0.1750,16000
2019-04-23,0.2200,0.2200,0.2200,0.2200,0
2019-04-22,0.2200,0.2200,0.2200,0.2200,0
2019-04-18,0.2200,0.2200,0.2200,0.2200,25000
2019-04-17,0.2200,0.2200,0.2200,0.2200,2000
2019-04-16,0.1900,0.2200,0.1900,0.2200,33000
2019-04-15,0.2200,0.2200,0.2200,0.2200,0
2019-04-12,0.2200,0.2200,0.2200,0.2200,600
2019-04-11,0.2000,0.2000,0.2000,0.2000,5000
2019-04-10,0.1850,0.1850,0.1850,0.1850,0
2019-04-09,0.1850,0.1850,0.1850,0.1850,0
2019-04-08,0.1850,0.1850,0.1850,0.1850,3000
2019-04-05,0.2200,0.2200,0.1850,0.1850,14600
2019-04-04,0.2400,0.2400,0.2400,0.2400,0
2019-04-03,0.2400,0.2400,0.2400,0.2400,0
2019-04-02,0.2400,0.2400,0.2400,0.2400,0
2019-04-01,0.2400,0.2400,0.2400,0.2400,0
2019-03-29,0.2400,0.2400,0.2400,0.2400,0
2019-03-28,0.2400,0.2400,0.2400,0.2400,2000
2019-03-27,0.2200,0.2200,0.2000,0.2100,184000
2019-03-26,0.2400,0.2400,0.2400,0.2400,11000
2019-03-25,0.2550,0.2575,0.2350,0.2400,54000
2019-03-22,0.2100,0.2700,0.2100,0.2700,154500
2019-03-21,0.2100,0.2100,0.2000,0.2000,19500
2019-03-20,0.2400,0.2400,0.2400,0.2400,0
2019-03-19,0.2200,0.2500,0.2200,0.2400,35000
2019-03-18,0.2200,0.2200,0.2000,0.2000,13000
2019-03-15,0.2250,0.2400,0.2250,0.2400,5500
2019-03-14,0.2450,0.2750,0.2400,0.2500,19000
2019-03-13,0.2900,0.2900,0.2900,0.2900,0
2019-03-12,0.2900,0.2900,0.2900,0.2900,0
2019-03-11,0.2900,0.2900,0.2900,0.2900,2541
2019-03-08,0.2600,0.3000,0.2600,0.3000,14500
2019-03-07,0.2300,0.2850,0.2300,0.2600,88000
2019-03-06,0.2000,0.2000,0.2000,0.2000,1000
2019-03-05,0.2400,0.2400,0.2400,0.2400,11500
2019-03-04,0.2500,0.2500,0.2400,0.2400,8679
2019-03-01,0.2500,0.2500,0.2500,0.2500,12350
2019-02-28,0.2600,0.2600,0.2600,0.2600,67000
2019-02-27,0.2650,0.2650,0.2600,0.2600,18500
2019-02-26,0.2950,0.3000,0.2650,0.2650,20000
2019-02-25,0.2700,0.2700,0.2700,0.2700,56500
2019-02-22,0.2950,0.2950,0.2950,0.2950,0
2019-02-21,0.2950,0.2950,0.2950,0.2950,0
2019-02-20,0.2950,0.2950,0.2950,0.2950,1000
2019-02-19,0.2950,0.3000,0.2550,0.2600,15500
2019-02-15,0.2500,0.2750,0.2500,0.2750,104500
2019-02-14,0.2300,0.2300,0.2200,0.2250,10000
2019-02-13,0.2700,0.2700,0.2400,0.2500,24800
2019-02-12,0.2600,0.2750,0.2600,0.2750,36000
2019-02-11,0.2800,0.2800,0.2800,0.2800,0
2019-02-08,0.2800,0.2800,0.2800,0.2800,0
2019-02-07,0.2800,0.2800,0.2800,0.2800,5000
2019-02-06,0.2800,0.2800,0.2700,0.2700,11000
2019-02-05,0.2800,0.2800,0.2700,0.2800,31000
2019-02-04,0.2250,0.2250,0.2250,0.2250,0
2019-02-01,0.2500,0.2500,0.2100,0.2250,210500
2019-01-31,0.2900,0.2900,0.2900,0.2900,10137
2019-01-30,0.2950,0.2950,0.2950,0.2950,8583
2019-01-29,0.2600,0.2600,0.2600,0.2600,12500
2019-01-28,0.2800,0.2800,0.2500,0.2600,50000
2019-01-25,0.2900,0.2900,0.2900,0.2900,29000
2019-01-24,0.2800,0.2800,0.2800,0.2800,0
2019-01-23,0.2800,0.2800,0.2800,0.2800,50000
2019-01-22,0.2800,0.2800,0.2800,0.2800,0
2019-01-21,0.2800,0.3000,0.2800,0.2800,108375
2019-01-18,0.2900,0.2900,0.2800,0.2800,22000
2019-01-17,0.2900,0.2900,0.2900,0.2900,2000
2019-01-16,0.3000,0.3000,0.3000,0.3000,0
2019-01-15,0.3000,0.3000,0.3000,0.3000,5000
2019-01-14,0.3100,0.3900,0.2900,0.2900,120500
2019-01-11,0.3000,0.3100,0.3000,0.3100,40000
2019-01-10,0.3100,0.3100,0.3100,0.3100,0
2019-01-09,0.3000,0.3100,0.3000,0.3100,33166
2019-01-08,0.3000,0.3000,0.3000,0.3000,42083
2019-01-07,0.3200,0.3200,0.3200,0.3200,20000
2019-01-04,0.2900,0.3000,0.2900,0.3000,175000
2019-01-03,0.2950,0.3000,0.2800,0.2900,187666
2019-01-02,0.2750,0.2750,0.2700,0.2700,20000
2018-12-31,0.3250,0.3250,0.2900,0.3000,128000
2018-12-28,0.2800,0.3000,0.2800,0.2900,45166
2018-12-27,0.3500,0.3500,0.2700,0.2700,170500
